<?xml version="1.0" ?>
<widgets xmlns:xsi="http://www.w3.org/2001/XMLSchema-instance" xsi:noNamespaceSchemaLocation="urn:magento:helloworld:Magento_Widget:etc/widget.xsd">

	<!-- Slider Widget -->
	<widget class="Litmus\Theme\Block\Widget\Slides" id="litmus_theme_slides">
		<label>Home Slider</label>
		<description>Homepage Slider</description>
		<parameters>
			<parameter name="slides" sort_order="10" visible="true" xsi:type="text">
				<label>Slider Label</label>
			</parameter>
		</parameters>
	</widget>

	<!-- Promotional Banners Widget -->
	<widget class="Litmus\Theme\Block\Widget\Promo" id="litmus_theme_promo">
		<label>Home Promotional Banners Grid</label>
		<description>Promotional Banners Grid for Home Page</description>
		<parameters>
			<parameter name="promo" sort_order="11" visible="true" xsi:type="text">
				<label>Promotional Label</label>
			</parameter>
		</parameters>
	</widget>

	<!-- Best Seller Widget -->
	<widget class="Litmus\Theme\Block\Widget\Best" id="litmus_theme_best">
		<label>Home Best Seller</label>
		<description>Home Best Seller products for Home Page</description>
		<!--parameters>
			<parameter name="promo" sort_order="11" visible="true" xsi:type="text">
				<label>Promotional Label</label>
			</parameter>
		</parameters-->
	</widget>

	<!-- beauty advice -->
	<widget class="Litmus\Theme\Block\Widget\Beauty" id="litmus_theme_beauty">
		<label>Home Beauty Advice</label>
		<description>Beauty Advice for Home Page</description>
		<parameters>
			<parameter name="best" sort_order="11" visible="true" xsi:type="text">
				<label>Section Description</label>
			</parameter>
		</parameters>
	</widget>

	<!-- Display Categories Widget -->
	<widget class="Litmus\Theme\Block\Widget\CatDisplay" id="litmus_theme_catDisplay">
		<label>Show Categories Section</label>
		<description>Category Icons Section</description>

        <parameters>
			<parameter name="cat-description" sort_order="11" visible="true" xsi:type="text">
				<label>Section Description</label>
			</parameter>

			<!--parameter name="multi_category_chooser" xsi:type="block" visible="true" required="true" sort_order="10">
	            <label translate="true">Select Categories</label>
	            <block class="Litmus\Theme\Block\Adminhtml\Category\Widget\CatChooser" />
        	</parameter-->
		</parameters>

	</widget>

</widgets>