<?xml version="1.0"?>
<config xmlns:xsi="http://www.w3.org/2001/XMLSchema-instance" xsi:noNamespaceSchemaLocation="urn:magento:framework:Acl/etc/acl.xsd">
    <acl>
        <resources>
            <resource id="Magento_Backend::admin">
                <!--<resource id="Magento_Backend::content">-->
                    <resource id="Litmus_Theme::litmus_head" title="Litmus" sortOrder="100" >
                        <resource id="Litmus_Theme::slides" title="home slider" sortOrder="10">
                            <resource id="Litmus_Theme::slides_save" title="Save Slides" sortOrder="10" />
                            <resource id="Litmus_Theme::slides_delete" title="Delete slides" sortOrder="20" />
                        </resource>
                    </resource>
                <!--</resource>-->
            </resource>
        </resources>
    </acl>
</config>