<?xml version="1.0"?>
<config xmlns:xsi="http://www.w3.org/2001/XMLSchema-instance" xsi:noNamespaceSchemaLocation="urn:magento:framework:ObjectManager/etc/config.xsd">
    <!-- Create our type SlidesGridDataProvider -->
    <virtualType name="SlidesGridDataProvider" type="Magento\Framework\View\Element\UiComponent\DataProvider\DataProvider">
        <arguments>
            <argument name="collection" xsi:type="object" shared="false">Litmus\Theme\Model\Resource\Slides\Collection</argument>
            <argument name="filterPool" xsi:type="object" shared="false">SlidesGridFilterPool</argument> <!-- Define new object for filters -->
        </arguments>
    </virtualType>
 
    <!-- Create our type SlidesGridFilterPool -->
    <virtualType name="SlidesGridFilterPool" type="Magento\Framework\View\Element\UiComponent\DataProvider\FilterPool">
        <arguments>
            <argument name="appliers" xsi:type="array">
                <item name="regular" xsi:type="object">Magento\Framework\View\Element\UiComponent\DataProvider\RegularFilter</item>
                <item name="fulltext" xsi:type="object">Magento\Framework\View\Element\UiComponent\DataProvider\FulltextFilter</item>
            </argument>
        </arguments>
    </virtualType>
 
    <!-- Type for theme_slides_listing_data_source -->
    <type name="Magento\Framework\View\Element\UiComponent\DataProvider\CollectionFactory">
        <arguments>
            <argument name="collections" xsi:type="array">
                <item name="theme_slides_listing_data_source" xsi:type="string">Litmus\Theme\Model\ResourceModel\Grid\Slides\Collection</item>
            </argument>
        </arguments>
    </type>
 
    <!-- Simulate our class Litmus\Theme\Model\ResourceModel\Grid\Slides\Collection -->
    <virtualType name="Litmus\Theme\Model\ResourceModel\Grid\Slides\Collection" type="Magento\Framework\View\Element\UiComponent\DataProvider\SearchResult">
        <arguments>
            <argument name="mainTable" xsi:type="string">litmus_slider</argument>
            <argument name="resourceModel" xsi:type="string">Litmus\Theme\Model\ResourceModel\Slides</argument>
        </arguments>
    </virtualType>

<!-- For the Promotional Banners -->
    <!-- Custom collection factory here -->
    <type name="Magento\Framework\View\Element\UiComponent\DataProvider\CollectionFactory">
        <arguments>
            <argument name="collections" xsi:type="array">
                
                <!-- Type for theme_promo_listing_data_source -->
                <item name="theme_promo_listing_data_source" xsi:type="string">Litmus\Theme\Model\ResourceModel\Grid\Promo\Collection</item>
            </argument>
        </arguments>
    </type>

    <!-- Create our type PromoGridDataProvider -->
    <virtualType name="PromoGridDataProvider" type="Magento\Framework\View\Element\UiComponent\DataProvider\DataProvider">
        <arguments>
            <argument name="collection" xsi:type="object" shared="false">Litmus\Theme\Model\Resource\Promo\Collection</argument>
            <argument name="filterPool" xsi:type="object" shared="false">PromoGridFilterPool</argument> <!-- Define new object for filters -->
        </arguments>
    </virtualType>

    <!-- Create our type PromoGridFilterPool -->
    <virtualType name="PromoGridFilterPool" type="Magento\Framework\View\Element\UiComponent\DataProvider\FilterPool">
        <arguments>
            <argument name="appliers" xsi:type="array">
                <item name="regular" xsi:type="object">Magento\Framework\View\Element\UiComponent\DataProvider\RegularFilter</item>
                <item name="fulltext" xsi:type="object">Magento\Framework\View\Element\UiComponent\DataProvider\FulltextFilter</item>
            </argument>
        </arguments>
    </virtualType>

    <!-- Simulate our class Litmus\Theme\Model\ResourceModel\Grid\Promo\Collection -->
    <virtualType name="Litmus\Theme\Model\ResourceModel\Grid\Promo\Collection" type="Magento\Framework\View\Element\UiComponent\DataProvider\SearchResult">
        <arguments>
            <argument name="mainTable" xsi:type="string">litmus_pramotional_banners</argument>
            <argument name="resourceModel" xsi:type="string">Litmus\Theme\Model\ResourceModel\Promo</argument>
        </arguments>
    </virtualType>

<!-- # For the Promotional Banners -->

<!-- For the Best Seller -->
    <!-- Custom collection factory here -->
    <type name="Magento\Framework\View\Element\UiComponent\DataProvider\CollectionFactory">
        <arguments>
            <argument name="collections" xsi:type="array">
                
                <!-- Type for theme_best_listing_data_source -->
                <item name="theme_best_listing_data_source" xsi:type="string">Litmus\Theme\Model\ResourceModel\Grid\Best\Collection</item>
            </argument>
        </arguments>
    </type>

    <!-- Create our type BestGridDataProvider -->
    <virtualType name="BestGridDataProvider" type="Magento\Framework\View\Element\UiComponent\DataProvider\DataProvider">
        <arguments>
            <argument name="collection" xsi:type="object" shared="false">Litmus\Theme\Model\Resource\Best\Collection</argument>
            <argument name="filterPool" xsi:type="object" shared="false">BestGridFilterPool</argument> <!-- Define new object for filters -->
        </arguments>
    </virtualType>

    <!-- Create our type BestGridFilterPool -->
    <virtualType name="BestGridFilterPool" type="Magento\Framework\View\Element\UiComponent\DataProvider\FilterPool">
        <arguments>
            <argument name="appliers" xsi:type="array">
                <item name="regular" xsi:type="object">Magento\Framework\View\Element\UiComponent\DataProvider\RegularFilter</item>
                <item name="fulltext" xsi:type="object">Magento\Framework\View\Element\UiComponent\DataProvider\FulltextFilter</item>
            </argument>
        </arguments>
    </virtualType>

    <!-- Simulate our class Litmus\Theme\Model\ResourceModel\Grid\Best\Collection -->
    <virtualType name="Litmus\Theme\Model\ResourceModel\Grid\Best\Collection" type="Magento\Framework\View\Element\UiComponent\DataProvider\SearchResult">
        <arguments>
            <argument name="mainTable" xsi:type="string">litmus_bestSeller</argument>
            <argument name="resourceModel" xsi:type="string">Litmus\Theme\Model\ResourceModel\Best</argument>
        </arguments>
    </virtualType>

<!-- # For the Best Seller -->

<!-- For the Beauty Seller -->
    <!-- Custom collection factory here -->
    <type name="Magento\Framework\View\Element\UiComponent\DataProvider\CollectionFactory">
        <arguments>
            <argument name="collections" xsi:type="array">
                
                <!-- Type for theme_beauty_listing_data_source -->
                <item name="theme_beauty_listing_data_source" xsi:type="string">Litmus\Theme\Model\ResourceModel\Grid\Beauty\Collection</item>
            </argument>
        </arguments>
    </type>

    <!-- Create our type BeautyGridDataProvider -->
    <virtualType name="BeautyGridDataProvider" type="Magento\Framework\View\Element\UiComponent\DataProvider\DataProvider">
        <arguments>
            <argument name="collection" xsi:type="object" shared="false">Litmus\Theme\Model\Resource\Beauty\Collection</argument>
            <argument name="filterPool" xsi:type="object" shared="false">BeautyGridFilterPool</argument> <!-- Define new object for filters -->
        </arguments>
    </virtualType>

    <!-- Create our type BeautyGridFilterPool -->
    <virtualType name="BeautyGridFilterPool" type="Magento\Framework\View\Element\UiComponent\DataProvider\FilterPool">
        <arguments>
            <argument name="appliers" xsi:type="array">
                <item name="regular" xsi:type="object">Magento\Framework\View\Element\UiComponent\DataProvider\RegularFilter</item>
                <item name="fulltext" xsi:type="object">Magento\Framework\View\Element\UiComponent\DataProvider\FulltextFilter</item>
            </argument>
        </arguments>
    </virtualType>

    <!-- Simulate our class Litmus\Theme\Model\ResourceModel\Grid\Beauty\Collection -->
    <virtualType name="Litmus\Theme\Model\ResourceModel\Grid\Beauty\Collection" type="Magento\Framework\View\Element\UiComponent\DataProvider\SearchResult">
        <arguments>
            <argument name="mainTable" xsi:type="string">litmus_beauty</argument>
            <argument name="resourceModel" xsi:type="string">Litmus\Theme\Model\ResourceModel\Beauty</argument>
        </arguments>
    </virtualType>

<!-- # For the Beauty Seller -->

<!-- Iba Certificates -->
    <!-- Custom collection factory here -->
    <type name="Magento\Framework\View\Element\UiComponent\DataProvider\CollectionFactory">
        <arguments>
            <argument name="collections" xsi:type="array">
                
                <!-- Type for theme_certificate_listing_data_source -->
                <item name="theme_certificate_listing_data_source" xsi:type="string">Litmus\Theme\Model\ResourceModel\Grid\Certificate\Collection</item>
            </argument>
        </arguments>
    </type>

    <!-- Create our type CertificateGridDataProvider -->
    <virtualType name="CertificateGridDataProvider" type="Magento\Framework\View\Element\UiComponent\DataProvider\DataProvider">
        <arguments>
            <argument name="collection" xsi:type="object" shared="false">Litmus\Theme\Model\Resource\Certificate\Collection</argument>
            <argument name="filterPool" xsi:type="object" shared="false">CertificateGridFilterPool</argument> <!-- Define new object for filters -->
        </arguments>
    </virtualType>

    <!-- Create our type CertificateGridFilterPool -->
    <virtualType name="CertificateGridFilterPool" type="Magento\Framework\View\Element\UiComponent\DataProvider\FilterPool">
        <arguments>
            <argument name="appliers" xsi:type="array">
                <item name="regular" xsi:type="object">Magento\Framework\View\Element\UiComponent\DataProvider\RegularFilter</item>
                <item name="fulltext" xsi:type="object">Magento\Framework\View\Element\UiComponent\DataProvider\FulltextFilter</item>
            </argument>
        </arguments>
    </virtualType>

    <!-- Simulate our class Litmus\Theme\Model\ResourceModel\Grid\Certificate\Collection -->
    <virtualType name="Litmus\Theme\Model\ResourceModel\Grid\Certificate\Collection" type="Magento\Framework\View\Element\UiComponent\DataProvider\SearchResult">
        <arguments>
            <argument name="mainTable" xsi:type="string">litmus_certificate</argument>
            <argument name="resourceModel" xsi:type="string">Litmus\Theme\Model\ResourceModel\Certificate</argument>
        </arguments>
    </virtualType>

<!-- # Iba Certificates -->

<!-- Iba Keys -->
    <!-- Custom collection factory here -->
    <type name="Magento\Framework\View\Element\UiComponent\DataProvider\CollectionFactory">
        <arguments>
            <argument name="collections" xsi:type="array">
                
                <!-- Type for theme_key_listing_data_source -->
                <item name="theme_key_listing_data_source" xsi:type="string">Litmus\Theme\Model\ResourceModel\Grid\Key\Collection</item>
            </argument>
        </arguments>
    </type>

    <!-- Create our type KeyGridDataProvider -->
    <virtualType name="KeyGridDataProvider" type="Magento\Framework\View\Element\UiComponent\DataProvider\DataProvider">
        <arguments>
            <argument name="collection" xsi:type="object" shared="false">Litmus\Theme\Model\Resource\Key\Collection</argument>
            <argument name="filterPool" xsi:type="object" shared="false">KeyGridFilterPool</argument> <!-- Define new object for filters -->
        </arguments>
    </virtualType>

    <!-- Create our type KeyGridFilterPool -->
    <virtualType name="KeyGridFilterPool" type="Magento\Framework\View\Element\UiComponent\DataProvider\FilterPool">
        <arguments>
            <argument name="appliers" xsi:type="array">
                <item name="regular" xsi:type="object">Magento\Framework\View\Element\UiComponent\DataProvider\RegularFilter</item>
                <item name="fulltext" xsi:type="object">Magento\Framework\View\Element\UiComponent\DataProvider\FulltextFilter</item>
            </argument>
        </arguments>
    </virtualType>

    <!-- Simulate our class Litmus\Theme\Model\ResourceModel\Grid\Key\Collection -->
    <virtualType name="Litmus\Theme\Model\ResourceModel\Grid\Key\Collection" type="Magento\Framework\View\Element\UiComponent\DataProvider\SearchResult">
        <arguments>
            <argument name="mainTable" xsi:type="string">litmus_key</argument>
            <argument name="resourceModel" xsi:type="string">Litmus\Theme\Model\ResourceModel\Key</argument>
        </arguments>
    </virtualType>

<!-- # Iba Keys -->

<!-- Iba Tags -->
    <!-- Custom collection factory here -->
    <type name="Magento\Framework\View\Element\UiComponent\DataProvider\CollectionFactory">
        <arguments>
            <argument name="collections" xsi:type="array">
                
                <!-- Type for theme_tag_listing_data_source -->
                <item name="theme_tag_listing_data_source" xsi:type="string">Litmus\Theme\Model\ResourceModel\Grid\Tag\Collection</item>
            </argument>
        </arguments>
    </type>

    <!-- Create our type TagGridDataProvider -->
    <virtualType name="TagGridDataProvider" type="Magento\Framework\View\Element\UiComponent\DataProvider\DataProvider">
        <arguments>
            <argument name="collection" xsi:type="object" shared="false">Litmus\Theme\Model\Resource\Tag\Collection</argument>
            <argument name="filterPool" xsi:type="object" shared="false">TagGridFilterPool</argument> <!-- Define new object for filters -->
        </arguments>
    </virtualType>

    <!-- Create our type TagGridFilterPool -->
    <virtualType name="TagGridFilterPool" type="Magento\Framework\View\Element\UiComponent\DataProvider\FilterPool">
        <arguments>
            <argument name="appliers" xsi:type="array">
                <item name="regular" xsi:type="object">Magento\Framework\View\Element\UiComponent\DataProvider\RegularFilter</item>
                <item name="fulltext" xsi:type="object">Magento\Framework\View\Element\UiComponent\DataProvider\FulltextFilter</item>
            </argument>
        </arguments>
    </virtualType>

    <!-- Simulate our class Litmus\Theme\Model\ResourceModel\Grid\Tag\Collection -->
    <virtualType name="Litmus\Theme\Model\ResourceModel\Grid\Tag\Collection" type="Magento\Framework\View\Element\UiComponent\DataProvider\SearchResult">
        <arguments>
            <argument name="mainTable" xsi:type="string">litmus_tag</argument>
            <argument name="resourceModel" xsi:type="string">Litmus\Theme\Model\ResourceModel\Tag</argument>
        </arguments>
    </virtualType>

<!-- # Iba Tags -->

<!-- Iba Specifications -->
    <!-- Custom collection factory here -->
    <type name="Magento\Framework\View\Element\UiComponent\DataProvider\CollectionFactory">
        <arguments>
            <argument name="collections" xsi:type="array">
                
                <!-- Type for theme_specification_listing_data_source -->
                <item name="theme_specification_listing_data_source" xsi:type="string">Litmus\Theme\Model\ResourceModel\Grid\Specification\Collection</item>
            </argument>
        </arguments>
    </type>

    <!-- Create our type SpecificationGridDataProvider -->
    <virtualType name="SpecificationGridDataProvider" type="Magento\Framework\View\Element\UiComponent\DataProvider\DataProvider">
        <arguments>
            <argument name="collection" xsi:type="object" shared="false">Litmus\Theme\Model\Resource\Specification\Collection</argument>
            <argument name="filterPool" xsi:type="object" shared="false">SpecificationGridFilterPool</argument> <!-- Define new object for filters -->
        </arguments>
    </virtualType>

    <!-- Create our type SpecificationGridFilterPool -->
    <virtualType name="SpecificationGridFilterPool" type="Magento\Framework\View\Element\UiComponent\DataProvider\FilterPool">
        <arguments>
            <argument name="appliers" xsi:type="array">
                <item name="regular" xsi:type="object">Magento\Framework\View\Element\UiComponent\DataProvider\RegularFilter</item>
                <item name="fulltext" xsi:type="object">Magento\Framework\View\Element\UiComponent\DataProvider\FulltextFilter</item>
            </argument>
        </arguments>
    </virtualType>

    <!-- Simulate our class Litmus\Theme\Model\ResourceModel\Grid\Specification\Collection -->
    <virtualType name="Litmus\Theme\Model\ResourceModel\Grid\Specification\Collection" type="Magento\Framework\View\Element\UiComponent\DataProvider\SearchResult">
        <arguments>
            <argument name="mainTable" xsi:type="string">litmus_specification</argument>
            <argument name="resourceModel" xsi:type="string">Litmus\Theme\Model\ResourceModel\Specification</argument>
        </arguments>
    </virtualType>

<!-- # Iba Specifications -->

<!-- Iba Applys -->
    <!-- Custom collection factory here -->
    <type name="Magento\Framework\View\Element\UiComponent\DataProvider\CollectionFactory">
        <arguments>
            <argument name="collections" xsi:type="array">
                
                <!-- Type for theme_apply_listing_data_source -->
                <item name="theme_apply_listing_data_source" xsi:type="string">Litmus\Theme\Model\ResourceModel\Grid\Apply\Collection</item>
            </argument>
        </arguments>
    </type>

    <!-- Create our type ApplyGridDataProvider -->
    <virtualType name="ApplyGridDataProvider" type="Magento\Framework\View\Element\UiComponent\DataProvider\DataProvider">
        <arguments>
            <argument name="collection" xsi:type="object" shared="false">Litmus\Theme\Model\Resource\Apply\Collection</argument>
            <argument name="filterPool" xsi:type="object" shared="false">ApplyGridFilterPool</argument> <!-- Define new object for filters -->
        </arguments>
    </virtualType>

    <!-- Create our type ApplyGridFilterPool -->
    <virtualType name="ApplyGridFilterPool" type="Magento\Framework\View\Element\UiComponent\DataProvider\FilterPool">
        <arguments>
            <argument name="appliers" xsi:type="array">
                <item name="regular" xsi:type="object">Magento\Framework\View\Element\UiComponent\DataProvider\RegularFilter</item>
                <item name="fulltext" xsi:type="object">Magento\Framework\View\Element\UiComponent\DataProvider\FulltextFilter</item>
            </argument>
        </arguments>
    </virtualType>

    <!-- Simulate our class Litmus\Theme\Model\ResourceModel\Grid\Apply\Collection -->
    <virtualType name="Litmus\Theme\Model\ResourceModel\Grid\Apply\Collection" type="Magento\Framework\View\Element\UiComponent\DataProvider\SearchResult">
        <arguments>
            <argument name="mainTable" xsi:type="string">litmus_apply</argument>
            <argument name="resourceModel" xsi:type="string">Litmus\Theme\Model\ResourceModel\Apply</argument>
        </arguments>
    </virtualType>

<!-- # Iba Applys -->

<!-- For the Faqs -->
    <!-- Custom collection factory here -->
    <type name="Magento\Framework\View\Element\UiComponent\DataProvider\CollectionFactory">
        <arguments>
            <argument name="collections" xsi:type="array">
                
                <!-- Type for theme_faqs_listing_data_source -->
                <item name="theme_faqs_listing_data_source" xsi:type="string">Litmus\Theme\Model\ResourceModel\Grid\Faqs\Collection</item>
            </argument>
        </arguments>
    </type>

    <!-- Create our type FaqsGridDataProvider -->
    <virtualType name="FaqsGridDataProvider" type="Magento\Framework\View\Element\UiComponent\DataProvider\DataProvider">
        <arguments>
            <argument name="collection" xsi:type="object" shared="false">Litmus\Theme\Model\Resource\Faqs\Collection</argument>
            <argument name="filterPool" xsi:type="object" shared="false">FaqsGridFilterPool</argument> <!-- Define new object for filters -->
        </arguments>
    </virtualType>

    <!-- Create our type FaqsGridFilterPool -->
    <virtualType name="FaqsGridFilterPool" type="Magento\Framework\View\Element\UiComponent\DataProvider\FilterPool">
        <arguments>
            <argument name="appliers" xsi:type="array">
                <item name="regular" xsi:type="object">Magento\Framework\View\Element\UiComponent\DataProvider\RegularFilter</item>
                <item name="fulltext" xsi:type="object">Magento\Framework\View\Element\UiComponent\DataProvider\FulltextFilter</item>
            </argument>
        </arguments>
    </virtualType>

    <!-- Simulate our class Litmus\Theme\Model\ResourceModel\Grid\Faqs\Collection -->
    <virtualType name="Litmus\Theme\Model\ResourceModel\Grid\Faqs\Collection" type="Magento\Framework\View\Element\UiComponent\DataProvider\SearchResult">
        <arguments>
            <argument name="mainTable" xsi:type="string">litmus_faqs</argument>
            <argument name="resourceModel" xsi:type="string">Litmus\Theme\Model\ResourceModel\Faqs</argument>
        </arguments>
    </virtualType>

<!-- # For the Faqs -->

<!-- Iba Avoid-->
    <!-- Custom collection factory here -->
    <type name="Magento\Framework\View\Element\UiComponent\DataProvider\CollectionFactory">
        <arguments>
            <argument name="collections" xsi:type="array">
                
                <!-- Type for theme_avoid_listing_data_source -->
                <item name="theme_avoid_listing_data_source" xsi:type="string">Litmus\Theme\Model\ResourceModel\Grid\Avoid\Collection</item>
            </argument>
        </arguments>
    </type>

    <!-- Create our type AvoidGridDataProvider -->
    <virtualType name="AvoidGridDataProvider" type="Magento\Framework\View\Element\UiComponent\DataProvider\DataProvider">
        <arguments>
            <argument name="collection" xsi:type="object" shared="false">Litmus\Theme\Model\Resource\Avoid\Collection</argument>
            <argument name="filterPool" xsi:type="object" shared="false">AvoidGridFilterPool</argument> <!-- Define new object for filters -->
        </arguments>
    </virtualType>

    <!-- Create our type AvoidGridFilterPool -->
    <virtualType name="AvoidGridFilterPool" type="Magento\Framework\View\Element\UiComponent\DataProvider\FilterPool">
        <arguments>
            <argument name="appliers" xsi:type="array">
                <item name="regular" xsi:type="object">Magento\Framework\View\Element\UiComponent\DataProvider\RegularFilter</item>
                <item name="fulltext" xsi:type="object">Magento\Framework\View\Element\UiComponent\DataProvider\FulltextFilter</item>
            </argument>
        </arguments>
    </virtualType>

    <!-- Simulate our class Litmus\Theme\Model\ResourceModel\Grid\Avoid\Collection -->
    <virtualType name="Litmus\Theme\Model\ResourceModel\Grid\Avoid\Collection" type="Magento\Framework\View\Element\UiComponent\DataProvider\SearchResult">
        <arguments>
            <argument name="mainTable" xsi:type="string">litmus_avoid</argument>
            <argument name="resourceModel" xsi:type="string">Litmus\Theme\Model\ResourceModel\Avoid</argument>
        </arguments>
    </virtualType>

<!-- # Iba Avoid -->

<!-- For the Videos -->
    <!-- Custom collection factory here -->
    <type name="Magento\Framework\View\Element\UiComponent\DataProvider\CollectionFactory">
        <arguments>
            <argument name="collections" xsi:type="array">
                
                <!-- Type for theme_videos_listing_data_source -->
                <item name="theme_videos_listing_data_source" xsi:type="string">Litmus\Theme\Model\ResourceModel\Grid\Videos\Collection</item>
            </argument>
        </arguments>
    </type>

    <!-- Create our type VideosGridDataProvider -->
    <virtualType name="VideosGridDataProvider" type="Magento\Framework\View\Element\UiComponent\DataProvider\DataProvider">
        <arguments>
            <argument name="collection" xsi:type="object" shared="false">Litmus\Theme\Model\Resource\Videos\Collection</argument>
            <argument name="filterPool" xsi:type="object" shared="false">VideosGridFilterPool</argument> <!-- Define new object for filters -->
        </arguments>
    </virtualType>

    <!-- Create our type VideosGridFilterPool -->
    <virtualType name="VideosGridFilterPool" type="Magento\Framework\View\Element\UiComponent\DataProvider\FilterPool">
        <arguments>
            <argument name="appliers" xsi:type="array">
                <item name="regular" xsi:type="object">Magento\Framework\View\Element\UiComponent\DataProvider\RegularFilter</item>
                <item name="fulltext" xsi:type="object">Magento\Framework\View\Element\UiComponent\DataProvider\FulltextFilter</item>
            </argument>
        </arguments>
    </virtualType>

    <!-- Simulate our class Litmus\Theme\Model\ResourceModel\Grid\Videos\Collection -->
    <virtualType name="Litmus\Theme\Model\ResourceModel\Grid\Videos\Collection" type="Magento\Framework\View\Element\UiComponent\DataProvider\SearchResult">
        <arguments>
            <argument name="mainTable" xsi:type="string">litmus_videos</argument>
            <argument name="resourceModel" xsi:type="string">Litmus\Theme\Model\ResourceModel\Videos</argument>
        </arguments>
    </virtualType>

<!-- # For the Videos -->

<!-- For the Termpage -->
    <!-- Custom collection factory here -->
    <type name="Magento\Framework\View\Element\UiComponent\DataProvider\CollectionFactory">
        <arguments>
            <argument name="collections" xsi:type="array">
                
                <!-- Type for theme_termpage_listing_data_source -->
                <item name="theme_termpage_listing_data_source" xsi:type="string">Litmus\Theme\Model\ResourceModel\Grid\Termpage\Collection</item>
            </argument>
        </arguments>
    </type>

    <!-- Create our type TermpageGridDataProvider -->
    <virtualType name="TermpageGridDataProvider" type="Magento\Framework\View\Element\UiComponent\DataProvider\DataProvider">
        <arguments>
            <argument name="collection" xsi:type="object" shared="false">Litmus\Theme\Model\Resource\Termpage\Collection</argument>
            <argument name="filterPool" xsi:type="object" shared="false">TermpageGridFilterPool</argument> <!-- Define new object for filters -->
        </arguments>
    </virtualType>

    <!-- Create our type TermpageGridFilterPool -->
    <virtualType name="TermpageGridFilterPool" type="Magento\Framework\View\Element\UiComponent\DataProvider\FilterPool">
        <arguments>
            <argument name="appliers" xsi:type="array">
                <item name="regular" xsi:type="object">Magento\Framework\View\Element\UiComponent\DataProvider\RegularFilter</item>
                <item name="fulltext" xsi:type="object">Magento\Framework\View\Element\UiComponent\DataProvider\FulltextFilter</item>
            </argument>
        </arguments>
    </virtualType>

    <!-- Simulate our class Litmus\Theme\Model\ResourceModel\Grid\Termpage\Collection -->
    <virtualType name="Litmus\Theme\Model\ResourceModel\Grid\Termpage\Collection" type="Magento\Framework\View\Element\UiComponent\DataProvider\SearchResult">
        <arguments>
            <argument name="mainTable" xsi:type="string">litmus_termpage</argument>
            <argument name="resourceModel" xsi:type="string">Litmus\Theme\Model\ResourceModel\Termpage</argument>
        </arguments>
    </virtualType>

<!-- # For the Termpage -->

</config>