<?xml version="1.0" ?>
<widgets xmlns:xsi="http://www.w3.org/2001/XMLSchema-instance" xsi:noNamespaceSchemaLocation="urn:magento:helloworld:Magento_Widget:etc/widget.xsd">

	<!-- Slider Widget -->
	<widget class="Litmus\Theme\Block\Widget\Slides" id="litmus_theme_slides">
		<label>Home Slider</label>
		<description>Homepage Slider</description>
		<parameters>
			<parameter name="slides" sort_order="10" visible="true" xsi:type="text">
				<label>Slider Label</label>
			</parameter>
		</parameters>
	</widget>

	<!-- Promotional Banners Widget -->
	<widget class="Litmus\Theme\Block\Widget\Promo" id="litmus_theme_promo">
		<label>Home Promotional Banners Grid</label>
		<description>Promotional Banners Grid for Home Page</description>
		<parameters>
			<parameter name="promo" sort_order="11" visible="true" xsi:type="text">
				<label>Promotional Label</label>
			</parameter>
		</parameters>
	</widget>

	<!-- Best Seller Widget -->
	<widget class="Litmus\Theme\Block\Widget\Best" id="litmus_theme_best">
		<label>Home Best Seller</label>
		<description>Home Best Seller products for Home Page</description>
		<!--parameters>
			<parameter name="promo" sort_order="11" visible="true" xsi:type="text">
				<label>Promotional Label</label>
			</parameter>
		</parameters-->
	</widget>

	<!-- beauty advice -->
	<widget class="Litmus\Theme\Block\Widget\Beauty" id="litmus_theme_beauty">
		<label>Home Beauty Advice</label>
		<description>Beauty Advice for Home Page</description>
		<parameters>
			<parameter name="best" sort_order="11" visible="true" xsi:type="text">
				<label>Section Description</label>
			</parameter>
		</parameters>
	</widget>

	<!-- Display Categories Widget -->
	<!-- <widget class="Litmus\Theme\Block\Widget\CatDisplay" id="litmus_theme_catDisplay">
		<label>Show Categories Section</label>
		<description>subCatList.phtmlsubCatList.phtml</description>

        <parameters>
			<parameter name="cat-description" sort_order="11" visible="true" xsi:type="text">
				<label>Section Description</label>
			</parameter>

			<parameter name="multi_category_chooser" xsi:type="block" visible="true" required="true" sort_order="10">
	            <label translate="true">Select Categories</label>
	            <block class="Litmus\Theme\Block\Adminhtml\Category\Widget\CatChooser" />
        	</parameter>
		</parameters>

	</widget> -->

	<!-- Sub Categories list -->
	<widget class="Litmus\Theme\Block\Widget\SubCatList" id="litmus_theme_subCatList">
		<label>Show Sub Categories List</label>
		<description>Megamenu Sub Category</description>

        <parameters>
			<parameter name="menu-label" required="true" sort_order="11" visible="true" xsi:type="text">
				<label>Menu Label</label>
			</parameter>

			<parameter name="multi_category_chooser" xsi:type="block" visible="true" required="true" sort_order="10">
	            <label translate="true">Select Categories</label>
	            <block class="Litmus\Theme\Block\Adminhtml\Category\Widget\CatChooser" />
        	</parameter>
		</parameters>

	</widget>

	<widget class="Litmus\Theme\Block\Widget\Videos" id="litmus_theme_videos">
		<label>Show Videos Page</label>
		<description>Category Icons Section</description>
	</widget>

	<widget class="Litmus\Theme\Block\Widget\Faqs" id="litmus_theme_faqs">
		<label>Faqs</label>
		<description>Faqs</description>
		<parameters>
			<parameter name="description" sort_order="11" visible="true" xsi:type="text">
				<label>Description</label>
			</parameter>
			<parameter name="email" sort_order="11" visible="true" xsi:type="text">
				<label>Email</label>
			</parameter>
		</parameters>
	</widget>

	<widget class="Litmus\Theme\Block\Widget\Avoid" id="litmus_theme_avoid">
		<label>Ingredients We Avoid</label>
		<description>Ingredients We Avoid</description>
		<parameters>
			<parameter name="title" sort_order="11" visible="true" xsi:type="text">
					<label>Title</label>
			</parameter>
			<parameter name="content" sort_order="11" visible="true" xsi:type="text">
					<label>Content</label>
			</parameter>
		</parameters>
	</widget>

	<widget class="Litmus\Theme\Block\Widget\Weuse" id="litmus_theme_Weuse">
		<label>Ingredients We Use</label>
		<description>Ingredients We Use</description>
		<parameters>
			<parameter name="title" sort_order="11" visible="true" xsi:type="text">
				<label>Title</label>
			</parameter>
			<parameter name="description" sort_order="11" visible="true" xsi:type="text">
				<label>Description</label>
			</parameter>
		</parameters>
	</widget>

	<!-- Single category list -->
	<widget class="Litmus\Theme\Block\Widget\SubCatSingleList" id="litmus_theme_subCatSingleList">
		
		<label>Show Sub Categories List Single</label>
		<description>Category Simple List</description>

        <parameters>
			<parameter name="multi_category_chooser" xsi:type="block" visible="true" required="true" sort_order="10">
	            <label translate="true">Select Categories</label>
	            <block class="Litmus\Theme\Block\Adminhtml\Category\Widget\CatChooser" />
        	</parameter>
		</parameters>

	</widget>

	<!-- Term page Bar -->
	<widget class="Litmus\Theme\Block\Widget\Termpage" id="litmus_theme_termspage">
        <label>Add new Term Page</label>
        <description></description>
		<parameters>
			<parameter name="pageid" xsi:type="select" source_model="Litmus\Theme\Block\Widget\Gettermpages" visible="true" required="true" sort_order="10" >
				<label translate="true">Select Term Pages</label>
			</parameter>
		</parameters>   
    </widget>

</widgets>