<?xml version="1.0" encoding="UTF-8"?>
<config xmlns:xsi="http://www.w3.org/2001/XMLSchema-instance"
       xsi:noNamespaceSchemaLocation="urn:magento:framework:ObjectManager/etc/config.xsd">
   <virtualType name="Magento\Catalog\Ui\DataProvider\Product\Form\Modifier\Pool"
           type="Magento\Ui\DataProvider\Modifier\Pool">
       <arguments>
           <argument name="modifiers" xsi:type="array">
               <item name="newFields" xsi:type="array">
                   <item name="class" xsi:type="string">
                       Litmus\Theme\Ui\DataProvider\Product\Form\Modifier\Fields
                   </item>
                   <item name="sortOrder" xsi:type="number">100</item>
               </item>
           </argument>
       </arguments>
   </virtualType>
</config>