<?xml version="1.0"?>
<config xmlns:xsi="http://www.w3.org/2001/XMLSchema-instance" xsi:noNamespaceSchemaLocation="urn:magento:module:Magento_Backend:etc/menu.xsd">
    <menu>
    
        <add id="Litmus_Theme::litmus" title="Litmus" module="Litmus_Theme" sortOrder="100" resource="Litmus_Theme::litmus" />

        <add id="Litmus_Theme::litmus_sliders"  title="Slider" module="Litmus_Theme" sortOrder="10" parent="Litmus_Theme::litmus" resource="Litmus_Theme::litmus_sliders" />

        <add id="Litmus_Theme::homeSlider"  title="Home Slider" module="Litmus_Theme" sortOrder="10" parent="Litmus_Theme::litmus_sliders" action="theme/slides" resource="Litmus_Theme::homeSlider" />

        <add id="Litmus_Theme::promo"  title="Promotional Grids" module="Litmus_Theme" sortOrder="10" parent="Litmus_Theme::homeSlider" action="theme/promo" resource="Litmus_Theme::promo" />

        <add id="Litmus_Theme::bestSeller"  title="Home Best Seller Image" module="Litmus_Theme" sortOrder="10" parent="Litmus_Theme::homeSlider" action="theme/best" resource="Litmus_Theme::bestSeller" />

         
        <add id="Litmus_Theme::beautyAdvice"  title="Beauty Advice(s)" module="Litmus_Theme" sortOrder="10" parent="Litmus_Theme::homeSlider" action="theme/beauty" resource="Litmus_Theme::beautyAdvice" />

        
        <add id="Litmus_Theme::ibaCertificates"  title="Iba Certificates" module="Litmus_Theme" sortOrder="10" parent="Litmus_Theme::homeSlider" action="theme/certificate" resource="Litmus_Theme::ibaCertificates" />
 
        <add id="Litmus_Theme::productTags"  title="Product Tags" module="Litmus_Theme" sortOrder="10" parent="Litmus_Theme::homeSlider" action="theme/tag" resource="Litmus_Theme::productTags" />

        <add id="Litmus_Theme::keyIngredients"  title="Key Ingredients" module="Litmus_Theme" sortOrder="10" parent="Litmus_Theme::homeSlider" action="theme/key" resource="Litmus_Theme::keyIngredients" />
        
        
        <add id="Litmus_Theme::productSpecification"  title="Product Specification" module="Litmus_Theme" sortOrder="10" parent="Litmus_Theme::homeSlider" action="theme/specification" resource="Litmus_Theme::productSpecification" />

        
        <add id="Litmus_Theme::howtoApply"  title="How To Apply Product Blocks" module="Litmus_Theme" sortOrder="10" parent="Litmus_Theme::homeSlider" action="theme/apply" resource="Litmus_Theme::howtoApply" />

        <add id="Litmus_Theme::faqs"  title="Faqs" module="Litmus_Theme" sortOrder="10" parent="Litmus_Theme::homeSlider" action="theme/faqs" resource="Litmus_Theme::faqs" />

        <add id="Litmus_Theme::avoid"  title="Ingredients Avoid" module="Litmus_Theme" sortOrder="10" parent="Litmus_Theme::homeSlider" action="theme/avoid" resource="Litmus_Theme::avoid" />

        <add id="Litmus_Theme::videos"  title="Videos" module="Litmus_Theme" sortOrder="10" parent="Litmus_Theme::homeSlider" action="theme/videos" resource="Litmus_Theme::videos" />

        <add id="Litmus_Theme::termpage"  title="Term Page" module="Litmus_Theme" sortOrder="10" parent="Litmus_Theme::homeSlider" action="theme/termpage" resource="Litmus_Theme::termpage" />
        
    </menu>
</config>